USE MyDB;
GO

INSERT INTO COURSES (COURSE_ID, NAMECOURSE, DESCRIPTION) VALUES (1, 'IT', 'IT-Course');
INSERT INTO COURSES (COURSE_ID, NAMECOURSE, DESCRIPTION) VALUES (2, 'SR', 'Social responsibility');

INSERT INTO GROUPS (GROUP_ID, COURSE_ID, NAMEGROUP) VALUES (1, 1, 'IT-01');
INSERT INTO GROUPS (GROUP_ID, COURSE_ID, NAMEGROUP) VALUES (2, 1, 'IT-02');
INSERT INTO GROUPS (GROUP_ID, COURSE_ID, NAMEGROUP) VALUES (3, 2, 'SR-01');
INSERT INTO GROUPS (GROUP_ID, COURSE_ID, NAMEGROUP) VALUES (4, 2, 'SR-01');


INSERT INTO STUDENTS (STUDENT_ID, GROUP_ID, FIRST_NAME, LAST_NAME) VALUES (1, 1, 'Ivan', 'Ivanov');
INSERT INTO STUDENTS (STUDENT_ID, GROUP_ID, FIRST_NAME, LAST_NAME) VALUES (2, 1, 'Dmytro', 'Dmytriev');
INSERT INTO STUDENTS (STUDENT_ID, GROUP_ID, FIRST_NAME, LAST_NAME) VALUES (3, 1, 'Mykola', 'Nikolaev');
INSERT INTO STUDENTS (STUDENT_ID, GROUP_ID, FIRST_NAME, LAST_NAME) VALUES (4, 2, 'Yaroslav', 'Yaroslavlev');
INSERT INTO STUDENTS (STUDENT_ID, GROUP_ID, FIRST_NAME, LAST_NAME) VALUES (5, 2, 'Zlata', 'Zolotareva');
INSERT INTO STUDENTS (STUDENT_ID, GROUP_ID, FIRST_NAME, LAST_NAME) VALUES (6, 3, 'Oleg', 'Skripka');
INSERT INTO STUDENTS (STUDENT_ID, GROUP_ID, FIRST_NAME, LAST_NAME) VALUES (7, 1, 'Oleg2', 'Skripka2');
INSERT INTO STUDENTS (STUDENT_ID, GROUP_ID, FIRST_NAME, LAST_NAME) VALUES (8, 1, 'Oleg3', 'Skripka3');
INSERT INTO STUDENTS (STUDENT_ID, GROUP_ID, FIRST_NAME, LAST_NAME) VALUES (9, 1, 'Oleg4', 'Skripka4');
INSERT INTO STUDENTS (STUDENT_ID, GROUP_ID, FIRST_NAME, LAST_NAME) VALUES (10, 1, 'Oleg5', 'Skripka5');
INSERT INTO STUDENTS (STUDENT_ID, GROUP_ID, FIRST_NAME, LAST_NAME) VALUES (11, 1, 'Oleg6', 'Skripka6');
INSERT INTO STUDENTS (STUDENT_ID, GROUP_ID, FIRST_NAME, LAST_NAME) VALUES (12, 1, 'Oleg7', 'Skripka7');
INSERT INTO STUDENTS (STUDENT_ID, GROUP_ID, FIRST_NAME, LAST_NAME) VALUES (13, 1, 'Oleg8', 'Skripka8');
INSERT INTO STUDENTS (STUDENT_ID, GROUP_ID, FIRST_NAME, LAST_NAME) VALUES (14, 1, 'Oleg9', 'Skripka9');
INSERT INTO STUDENTS (STUDENT_ID, GROUP_ID, FIRST_NAME, LAST_NAME) VALUES (15, 1, 'Oleg10', 'Skripka10');
INSERT INTO STUDENTS (STUDENT_ID, GROUP_ID, FIRST_NAME, LAST_NAME) VALUES (16, 1, 'Oleg11', 'Skripka11');
INSERT INTO STUDENTS (STUDENT_ID, GROUP_ID, FIRST_NAME, LAST_NAME) VALUES (17, 1, 'Oleg12', 'Skripka12');
INSERT INTO STUDENTS (STUDENT_ID, GROUP_ID, FIRST_NAME, LAST_NAME) VALUES (18, 1, 'Oleg13', 'Skripka13');
INSERT INTO STUDENTS (STUDENT_ID, GROUP_ID, FIRST_NAME, LAST_NAME) VALUES (19, 4, 'Oleg14', 'Skripka14');
GO
